"state","Obama","Romney","Pollster","middate"
"AL",36,51,"Capital Survey Research Center","2012-06-27"
"AZ",46,53,"PPP (D)","2012-11-03"
"AZ",44,52,"YouGov","2012-11-03"
"AZ",44,52,"Rasmussen/CBS 5","2012-10-21"
"AZ",43,52,"YouGov","2012-10-11"
"AZ",42,40,"Behavior Research Center","2012-10-10"
"AZ",44,53,"PPP (D)","2012-10-03"
"AZ",42,46,"Moore Information (R-HighGround)","2012-09-26"
"AZ",42,52,"Rasmussen","2012-09-25"
"AZ",45,48,"Purple Strategies","2012-09-19"
"AZ",41,51,"YouGov","2012-09-14"
"AZ",44,53,"PPP (D-League of Conservation Voters)","2012-09-09"
"AZ",41,52,"PPP (D-League of Conservation Voters)","2012-07-25"
"AZ",41,54,"Rasmussen","2012-06-26"
"AZ",46,49,"PPP (D)","2012-06-05"
"AZ",43,50,"PPP (D)","2012-05-20"
"AZ",43,52,"Magellan (R)","2012-05-02"
"AZ",40,42,"ASU - Merrill/Morrison Institute","2012-04-20"
"AZ",42,40,"Behavior Research Center","2012-04-17"
"AZ",40,51,"Rasmussen","2012-03-13"
"AZ",40,45,"NBC/Marist","2012-02-20"
"AZ",47,47,"PPP (D)","2012-02-19"
"AZ",37,43,"Behavior Research Center","2012-01-09"
"AZ",42,49,"PPP (D)","2011-11-20"
"AZ",45,40,"Behavior Research Center","2011-10-24"
"AR",31,58,"U of Arkansas","2012-10-14"
"AR",35,56,"Hendrix College ","2012-09-17"
"AR",33,57,"Hendrix College ","2012-03-26"
"CA",55,40,"YouGov","2012-11-03"
"CA",54,39,"Field/UC Berkeley","2012-10-30"
"CA",56,33,"CBRT/Pepperdine/M4","2012-10-28"
"CA",55,39,"USC/LATimes","2012-10-21"
"CA",53,41,"PPIC","2012-10-21"
"CA",53,38,"Reason/Rupe","2012-10-15"
"CA",58,39,"YouGov","2012-10-11"
"CA",54,33,"CBRT/Pepperdine/M4","2012-10-10"
"CA",53,39,"SurveyUSA","2012-10-09"
"CA",58,34,"Field/UC Berkeley","2012-09-17"
"CA",53,39,"PPIC","2012-09-16"
"CA",56,39,"YouGov","2012-09-14"
"CA",55,33,"CBRT/Pepperdine/M4","2012-09-12"
"CA",57,35,"SurveyUSA","2012-09-11"
"CA",56,33,"PACE/USC","2012-08-07"
"CA",52,33,"CBRT/Pepperdine/M4","2012-07-17"
"CA",55,37,"Field","2012-07-02"
"CA",57,36,"SurveyUSA","2012-05-29"
"CA",48,32,"Field","2012-05-29"
"CA",56,37,"USC/LATimes","2012-05-21"
"CA",50,39,"PPIC","2012-05-20"
"CA",62,31,"SurveyUSA","2012-04-02"
"CA",57,36,"USC/LATimes","2012-03-19"
"CA",55,35,"Field","2012-02-18"
"CA",57,35,"Rasmussen","2012-02-16"
"CA",60,31,"SurveyUSA","2012-02-09"
"CA",50,40,"Field","2011-11-27"
"CA",57,36,"PPP (D)","2011-11-13"
"CA",50,39,"SurveyUSA","2011-11-10"
"CA",52,35,"USC/LATimes","2011-11-09"
"CA",56,36,"PPP (D)","2011-01-30"
"CO",48,47,"Ipsos/Reuters (Web)","2012-11-05"
"CO",52,46,"PPP (D)","2012-11-04"
"CO",50,46,"OnSight/Keating (D)","2012-11-04"
"CO",45,44,"Lake Research (D)","2012-11-04"
"CO",48,47,"YouGov","2012-11-03"
"CO",46,46,"Ipsos/Reuters (Web)","2012-11-02"
"CO",50,46,"PPP (D-LCV)","2012-11-01"
"CO",47,45,"Denver Post/SurveyUSA","2012-10-31"
"CO",50,48,"CNN","2012-10-31"
"CO",50,47,"We Ask America","2012-10-30"
"CO",47,50,"Rasmussen","2012-10-29"
"CO",48,45,"Grove Insight (D-Project New America/USAction)","2012-10-29"
"CO",47,48,"ARG","2012-10-28"
"CO",51,47,"PPP (D)","2012-10-25"
"CO",47,46,"Purple Strategies","2012-10-25"
"CO",46,43,"Grove Insight (D-Project New America/USAction)","2012-10-24"
"CO",48,45,"OnSight/Keating (D)","2012-10-24"
"CO",48,48,"NBC/WSJ/Marist","2012-10-24"
"CO",46,50,"Rasmussen","2012-10-21"
"CO",50,47,"PPP (D)","2012-10-18"
"CO",47,44,"Grove Insight (D-Project New America)","2012-10-16"
"CO",47,48,"We Ask America","2012-10-15"
"CO",48,46,"Gravis Marketing","2012-10-11"
"CO",48,45,"YouGov","2012-10-11"
"CO",45,46,"Denver Post/SurveyUSA","2012-10-10"
"CO",47,48,"Quinnipiac/NYT/CBS","2012-10-09"
"CO",46,50,"ARG","2012-10-08"
"CO",49,48,"Rasmussen","2012-10-07"
"CO",47,43,"Selzer/University of Denver","2012-10-05"
"CO",46,49,"Gravis Marketing","2012-10-04"
"CO",46,50,"McLaughlin (R-American Conservative Union)","2012-10-02"
"CO",49,46,"We Ask America","2012-09-27"
"CO",51,45,"PPP (D)","2012-09-23"
"CO",50,46,"Gravis Marketing","2012-09-22"
"CO",48,45,"Purple Strategies","2012-09-19"
"CO",50,45,"NBC/WSJ/Marist","2012-09-18"
"CO",45,47,"Rasmussen","2012-09-17"
"CO",48,47,"Quinnipiac/NYT/CBS","2012-09-17"
"CO",50,45,"YouGov","2012-09-14"
"CO",49,47,"ARG","2012-09-12"
"CO",45,44,"Denver Post/SurveyUSA","2012-09-12"
"CO",49,44,"OnSight/Project New America/Keating (D)","2012-09-11"
"CO",49,46,"PPP (D)","2012-09-02"
"CO",48,44,"OnSight/Keating (D)","2012-08-22"
"CO",49,46,"Purple Strategies","2012-08-14"
"CO",45,46,"Gravis Marketing","2012-08-09"
"CO",47,47,"Rasmussen","2012-08-06"
"CO",45,50,"Quinnipiac/NYT/CBS","2012-08-06"
"CO",49,43,"PPP (D)","2012-08-05"
"CO",45,44,"Purple Strategies","2012-07-13"
"CO",49,42,"Garin-Hart-Yang (D-Priorities USA)","2012-07-03"
"CO",47,43,"We Ask America","2012-06-25"
"CO",49,42,"PPP (D)","2012-06-17"
"CO",45,45,"Rasmussen","2012-06-06"
"CO",48,46,"Purple Strategies","2012-06-05"
"CO",46,45,"NBC/Marist","2012-05-24"
"CO",48,44,"Project New America","2012-05-24"
"CO",47,47,"Purple Strategies","2012-04-23"
"CO",53,40,"PPP (D)","2012-04-07"
"CO",47,45,"PPP (D)","2011-12-04"
"CT",54,39,"YouGov","2012-11-03"
"CT",55,42,"PPP (D)","2012-11-02"
"CT",55,41,"Quinnipiac","2012-10-22"
"CT",52,45,"Rasmussen","2012-10-21"
"CT",53,40,"SurveyUSA/WABC-TV","2012-10-21"
"CT",49,42,"Mason-Dixon","2012-10-17"
"CT",53,44,"PPP (D-LCV)","2012-10-16"
"CT",51,37,"UConn/Hartford Courant","2012-10-16"
"CT",53,38,"Siena","2012-10-14"
"CT",53,39,"YouGov","2012-10-11"
"CT",51,45,"Rasmussen","2012-10-07"
"CT",54,42,"Quinnipiac","2012-10-02"
"CT",54,41,"PPP (D)","2012-09-26"
"CT",53,32,"UConn/Hartford Courant","2012-09-16"
"CT",53,40,"YouGov","2012-09-14"
"CT",52,45,"Quinnipiac","2012-08-26"
"CT",53,40,"PPP (D-League of Conservation Voters)","2012-08-23"
"CT",51,43,"Rasmussen","2012-08-21"
"CT",51,43,"PPP (D)","2012-07-29"
"CT",50,38,"Quinnipiac","2012-06-03"
"CT",53,37,"Quinnipiac","2012-03-19"
"FL",49,49,"Gravis Marketing","2012-11-05"
"FL",47,48,"Ipsos/Reuters (Web)","2012-11-05"
"FL",48,48,"JZ Analytics/Newsmax","2012-11-05"
"FL",47,52,"InsiderAdvantage/Florida Times-Union","2012-11-04"
"FL",50,49,"PPP (D)","2012-11-04"
"FL",49,49,"Angus-Reid","2012-11-03"
"FL",47,48,"YouGov","2012-11-03"
"FL",48,46,"Ipsos/Reuters (Web)","2012-11-02"
"FL",47,45,"Mellman (D-Americans United for Change)","2012-11-02"
"FL",49,47,"NBC/WSJ/Marist","2012-11-01"
"FL",45,51,"Mason-Dixon","2012-11-01"
"FL",47,50,"Gravis Marketing","2012-10-30"
"FL",49,50,"We Ask America","2012-10-30"
"FL",48,47,"JZ Analytics/Newsmax","2012-10-30"
"FL",48,50,"Pulse Opinion Research/Let Freedom Ring (R)","2012-10-29"
"FL",48,47,"Grove Insight (D-Project New America/USAction)","2012-10-29"
"FL",49,48,"PPP (D)","2012-10-28"
"FL",49,50,"CNN","2012-10-28"
"FL",48,47,"Quinnipiac/NYT/CBS","2012-10-28"
"FL",47,47,"SurveyUSA","2012-10-27"
"FL",49,47,"Mellman (D-Americans United for Change)","2012-10-27"
"FL",48,50,"Rasmussen","2012-10-25"
"FL",49,50,"Gravis Marketing","2012-10-24"
"FL",47,45,"Grove Insight (D-Project New America/USAction)","2012-10-24"
"FL",46,51,"Sunshine State News/VSS","2012-10-24"
"FL",47,47,"Mellman (D-Americans United for Change)","2012-10-21"
"FL",46,51,"Angus-Reid","2012-10-20"
"FL",46,51,"Rasmussen","2012-10-18"
"FL",48,45,"Grove Insight (D-Project New America)","2012-10-18"
"FL",48,49,"CNN","2012-10-18"
"FL",47,48,"PPP (D)/WPTV/FL Democracy/TCPalm","2012-10-18"
"FL",45,48,"FOX","2012-10-18"
"FL",47,46,"SurveyUSA","2012-10-18"
"FL",48,42,"JZ Analytics/Newsmax","2012-10-18"
"FL",48,49,"Gravis Marketing","2012-10-14"
"FL",48,49,"PPP (D)","2012-10-14"
"FL",47,51,"Rasmussen","2012-10-11"
"FL",46,49,"ARG","2012-10-11"
"FL",48,47,"YouGov","2012-10-11"
"FL",44,51,"Mason-Dixon","2012-10-10"
"FL",48,47,"NBC/WSJ/Marist","2012-10-09"
"FL",49,45,"UNF","2012-10-09"
"FL",47,49,"Rasmussen","2012-10-04"
"FL",46,49,"We Ask America","2012-10-04"
"FL",47,46,"NBC/WSJ/Marist","2012-10-01"
"FL",49,48,"Gravis Marketing","2012-09-30"
"FL",46,43,"Suffolk","2012-09-30"
"FL",49,46,"InsiderAdvantage/Florida Times-Union","2012-09-24"
"FL",53,44,"Quinnipiac/NYT/CBS","2012-09-24"
"FL",50,46,"PPP (D)","2012-09-23"
"FL",51,47,"Washington Post","2012-09-23"
"FL",50,45,"ARG","2012-09-22"
"FL",48,47,"Mason-Dixon","2012-09-19"
"FL",47,48,"Purple Strategies","2012-09-19"
"FL",49,46,"We Ask America","2012-09-18"
"FL",49,44,"FOX","2012-09-18"
"FL",47,48,"Gravis Marketing","2012-09-16"
"FL",49,47,"YouGov","2012-09-14"
"FL",48,46,"Rasmussen","2012-09-12"
"FL",44,48,"Caddell/McLaughlin (R)/Secure America Now","2012-09-12"
"FL",49,44,"NBC/WSJ/Marist","2012-09-11"
"FL",42,42,"Consensus Communications (R)","2012-09-11"
"FL",47,50,"McLaughlin (R)/AIF","2012-09-10"
"FL",48,44,"SurveyUSA","2012-09-09"
"FL",47,48,"Gravis Marketing","2012-09-02"
"FL",48,47,"PPP (D)","2012-09-02"
"FL",50,46,"CNN/Time/ORC","2012-08-26"
"FL",49,46,"Quinnipiac/NYT/CBS","2012-08-21"
"FL",45,48,"Gravis Marketing","2012-08-20"
"FL",43,45,"Rasmussen","2012-08-15"
"FL",47,48,"Purple Strategies","2012-08-14"
"FL",51,45,"Quinnipiac/NYT/CBS","2012-07-30"
"FL",48,47,"PPP (D)","2012-07-29"
"FL",48,43,"SurveyUSA","2012-07-19"
"FL",45,48,"Purple Strategies","2012-07-13"
"FL",46,45,"Mason-Dixon","2012-07-11"
"FL",45,46,"Rasmussen","2012-07-09"
"FL",48,44,"Garin-Hart-Yang (D-Priorities USA)","2012-07-03"
"FL",46,45,"We Ask America","2012-07-02"
"FL",45,41,"Quinnipiac","2012-06-25"
"FL",46,42,"Quinnipiac","2012-06-18"
"FL",45,49,"Purple Strategies","2012-06-05"
"FL",50,46,"PPP (D)","2012-06-03"
"FL",41,47,"Quinnipiac","2012-05-21"
"FL",48,44,"NBC/Marist","2012-05-20"
"FL",46,45,"Suffolk","2012-05-08"
"FL",43,44,"Quinnipiac","2012-05-01"
"FL",45,46,"Rasmussen","2012-04-25"
"FL",45,47,"Purple Strategies","2012-04-23"
"FL",45,43,"FOX","2012-04-17"
"FL",50,45,"PPP (D)","2012-04-15"
"FL",49,42,"Quinnipiac","2012-03-26"
"FL",46,43,"Rasmussen","2012-03-13"
"FL",47,44,"Rasmussen","2012-02-09"
"FL",49,41,"Marist College","2012-01-27"
"FL",44,48,"Mason-Dixon","2012-01-26"
"FL",42,47,"Suffolk","2012-01-24"
"FL",45,45,"Quinnipiac","2012-01-23"
"FL",46,45,"Tarrance (R-Walker)","2012-01-18"
"FL",43,46,"Quinnipiac","2012-01-08"
"FL",48,41,"Marist College","2011-12-07"
"FL",42,45,"Quinnipiac","2011-12-05"
"FL",45,44,"PPP (D)","2011-12-01"
"FL",42,46,"Rasmussen","2011-11-17"
"FL",42,45,"Quinnipiac","2011-11-07"
"FL",45,43,"Marist College","2011-10-12"
"FL",47,43,"PPP (D)","2011-06-19"
"FL",42,43,"Suffolk","2011-04-12"
"FL",43,48,"Mason-Dixon","2011-04-07"
"FL",46,44,"PPP (D)","2011-03-27"
"GA",44,52,"YouGov","2012-11-03"
"GA",46,52,"20/20 Insight (D-Better Georgia)","2012-10-31"
"GA",44,52,"SurveyUSA","2012-10-28"
"GA",43,51,"Abt SRBI Inc/Atlanta Journal-Constitution","2012-10-11"
"GA",44,52,"YouGov","2012-10-11"
"GA",35,56,"InsiderAdvantage/Fox 5 Atlanta","2012-09-18"
"GA",44,51,"YouGov","2012-09-14"
"GA",46,49,"20/20 Insight (D-Better Georgia)","2012-08-18"
"GA",40,52,"InsiderAdvantage","2012-05-22"
"GA",40,51,"Landmark/Rosetta Stone","2012-05-10"
"GA",42,49,"SurveyUSA","2012-02-26"
"GA",43,51,"SurveyUSA","2012-02-02"
"GA",38,55,"Mason-Dixon","2011-12-14"
"GA",42,49,"SurveyUSA","2011-12-07"
"HI",61,34,"Honolulu Civil Beat/Merriman","2012-10-26"
"HI",62,30,"Honolulu Civil Beat/Merriman","2012-09-28"
"HI",59,32,"DailyKos.com/PPP (D)","2011-10-16"
"ID",27,63,"Mason-Dixon/Idaho Statesman","2012-10-10"
"IL",57,38,"YouGov","2012-11-03"
"IL",57,41,"We Ask America","2012-10-30"
"IL",58,38,"YouGov","2012-10-11"
"IL",55,36,"Chicago Tribune/WGN","2012-10-08"
"IL",59,36,"YouGov","2012-09-14"
"IL",47,34,"Southern Illinois U","2012-09-10"
"IL",54,37,"We Ask America","2012-09-05"
"IL",55,29,"Ipsos/Crain's Business Journal","2012-08-23"
"IL",51,31,"Ipsos/Crain's Business Journal","2012-07-22"
"IL",56,35,"Chicago Tribune","2012-02-06"
"IN",44,51,"YouGov","2012-11-03"
"IN",43,52,"Rasmussen","2012-11-01"
"IN",41,54,"McLaughlin (R-Mourdock)","2012-11-01"
"IN",39,57,"McLaughlin (R-Mourdock)","2012-10-30"
"IN",41,55,"McLaughlin (R-Mourdock)","2012-10-25"
"IN",41,54,"Rasmussen","2012-10-11"
"IN",41,53,"YouGov","2012-10-11"
"IN",40,52,"Howey-Depauw","2012-09-23"
"IN",45,50,"YouGov","2012-09-14"
"IN",41,47,"Global Strategy Group (D-Donnelly)","2012-09-12"
"IN",35,51,"Rasmussen","2012-08-01"
"IN",42,48,"Rasmussen","2012-05-24"
"IN",40,49,"Howey-Depauw","2012-03-28"
"IA",50,48,"PPP (D)","2012-11-04"
"IA",48,49,"ARG","2012-11-04"
"IA",48,47,"YouGov","2012-11-03"
"IA",47,42,"Des Moines Register/Selzer","2012-11-02"
"IA",49,45,"Gravis Marketing","2012-11-01"
"IA",46,44,"Mellman (D-Americans United for Change)","2012-11-01"
"IA",48,49,"Rasmussen","2012-10-30"
"IA",49,47,"We Ask America","2012-10-30"
"IA",50,45,"PPP (D-Health Care for America Now)","2012-10-30"
"IA",50,44,"NBC/WSJ/Marist","2012-10-29"
"IA",44,45,"U of Iowa","2012-10-27"
"IA",50,46,"Gravis Marketing","2012-10-24"
"IA",49,47,"PPP (D-Health Care for America Now)","2012-10-24"
"IA",48,48,"Rasmussen","2012-10-21"
"IA",49,48,"PPP (D-Health Care for America Now)","2012-10-19"
"IA",48,49,"PPP (D)","2012-10-19"
"IA",51,43,"NBC/WSJ/Marist","2012-10-17"
"IA",49,46,"We Ask America","2012-10-15"
"IA",48,48,"ARG","2012-10-14"
"IA",50,46,"YouGov","2012-10-11"
"IA",49,47,"Rasmussen","2012-10-07"
"IA",48,44,"We Ask America","2012-09-27"
"IA",51,44,"PPP (D)","2012-09-26"
"IA",49,45,"Des Moines Register/Selzer","2012-09-26"
"IA",46,47,"Voter/Consumer Research (R-The Iowa Republican)","2012-09-25"
"IA",51,44,"ARG","2012-09-23"
"IA",44,47,"Rasmussen","2012-09-19"
"IA",50,42,"NBC/WSJ/Marist","2012-09-18"
"IA",48,43,"YouGov","2012-09-14"
"IA",47,45,"PPP (D)","2012-08-26"
"IA",44,46,"Rasmussen","2012-08-08"
"IA",48,43,"PPP (D)","2012-07-15"
"IA",45,44,"We Ask America","2012-06-18"
"IA",46,47,"Rasmussen","2012-06-11"
"IA",44,44,"NBC/Marist","2012-05-24"
"IA",51,41,"PPP (D)","2012-05-06"
"IA",44,46,"Des Moines Register/Selzer","2012-02-15"
"IA",42,43,"U of Iowa","2011-12-07"
"IA",46,39,"Marist College","2011-11-29"
"IA",46,42,"PPP (D)","2011-10-10"
"IA",43,40,"Marist College","2011-10-05"
"KS",39,48,"SurveyUSA","2011-11-21"
"KS",31,56,"SurveyUSA","2011-11-10"
"KY",39,53,"SurveyUSA/The Courier-Journal","2012-09-13"
"KY",40,48,"PPP (D)","2011-08-28"
"LA",36,59,"Magellan (R)","2012-10-04"
"LA",37,50,"JZ Analytics","2012-09-30"
"LA",39,45,"Southern Media/Opinion Research","2012-09-20"
"ME",53,42,"MPRC","2012-11-03"
"ME",55,42,"PPP (D)","2012-11-02"
"ME",49,42,"Critical Insights","2012-10-31"
"ME",48,44,"NMB (R-American Crossroads)","2012-10-08"
"ME",51,37,"Pan Atlantic SMS Group","2012-09-28"
"ME",52,40,"Rasmussen","2012-09-25"
"ME",55,39,"PPP (D)","2012-09-18"
"ME",54,37,"MPRC/Maine People's Alliance (D)","2012-09-17"
"ME",52,36,"Critical Insights","2012-09-16"
"ME",49,35,"Critical Insights","2012-06-25"
"ME",48,34,"MassINC","2012-06-14"
"ME",50,42,"Critical Insights","2012-05-07"
"ME",55,37,"MPRC","2012-04-02"
"ME",58,35,"PPP (D)","2012-03-04"
"ME",49,38,"PPP (D)","2011-10-31"
"ME",41,40,"Critical Insights","2011-10-23"
"MD",59,37,"YouGov","2012-11-03"
"MD",55,36,"Baltimore Sun/OpinionWorks","2012-10-23"
"MD",60,36,"Washington Post","2012-10-15"
"MD",58,37,"YouGov","2012-10-11"
"MD",57,34,"Baltimore Sun/OpinionWorks","2012-09-27"
"MD",55,36,"Gonzales Research","2012-09-23"
"MD",57,37,"YouGov","2012-09-14"
"MD",58,35,"PPP (D)/Marylanders for Marriage Equality","2012-05-21"
"MA",57,37,"UMass Lowell/Herald","2012-11-03"
"MA",57,37,"YouGov","2012-11-03"
"MA",57,42,"PPP (D)","2012-11-02"
"MA",58,40,"WNEU/MassLive.com","2012-11-01"
"MA",63,31,"Suffolk","2012-10-28"
"MA",52,38,"Boston Globe/UNH","2012-10-28"
"MA",59,40,"Rasmussen","2012-10-25"
"MA",56,36,"MassINC/WBUR","2012-10-22"
"MA",55,39,"Kimball Political Consulting (R)","2012-10-21"
"MA",57,39,"PPP (D-LCV)","2012-10-16"
"MA",55,41,"PPP (D)","2012-10-11"
"MA",55,36,"YouGov","2012-10-11"
"MA",57,42,"Rasmussen","2012-10-10"
"MA",55,34,"UMass Amherst/YouGov","2012-10-08"
"MA",52,36,"MassINC/WBUR","2012-10-07"
"MA",60,34,"Mass Insight/Opinion Dynamics","2012-09-30"
"MA",57,30,"Boston Globe/UNH","2012-09-27"
"MA",55,40,"Rasmussen","2012-09-24"
"MA",60,36,"UMass Lowell/Herald","2012-09-17"
"MA",57,39,"PPP (D)","2012-09-16"
"MA",64,31,"Suffolk","2012-09-16"
"MA",55,39,"YouGov","2012-09-14"
"MA",60,38,"WNEU/MassLive.com","2012-09-13"
"MA",56,40,"Kimball Political Consulting (R)","2012-09-09"
"MA",52,41,"Kimball Political Consulting (R)","2012-08-21"
"MA",55,39,"PPP (D)","2012-08-19"
"MA",55,39,"PPP (D)","2012-06-24"
"MA",56,34,"WNEU/MassLive.com","2012-05-31"
"MA",46,34,"Boston Globe/UNH","2012-05-31"
"MA",59,34,"Suffolk","2012-05-22"
"MA",56,35,"Rasmussen","2012-05-07"
"MA",51,40,"Rasmussen","2012-04-09"
"MA",49,33,"Boston Globe/UNH","2012-03-27"
"MA",58,35,"PPP (D)","2012-03-18"
"MA",60,36,"WNEU","2012-03-01"
"MA",55,38,"Rasmussen","2012-02-29"
"MA",53,39,"Suffolk","2012-02-15"
"MA",55,34,"MassINC","2012-02-09"
"MA",53,35,"Mass Insight/Opinion Dynamics","2012-02-04"
"MA",49,34,"YouGov/Polimetrix","2011-11-22"
"MA",52,43,"PPP (D)","2010-12-01"
"MI",51,46,"Mitchell Research","2012-11-04"
"MI",52,47,"Angus-Reid","2012-11-03"
"MI",52,46,"PPP (D)","2012-11-03"
"MI",51,44,"YouGov","2012-11-03"
"MI",46,47,"FMWB (D)","2012-11-02"
"MI",52,47,"Rasmussen","2012-11-01"
"MI",48,41,"Grove Insight (D-Project New America/USAction)","2012-11-01"
"MI",52,46,"PPP (D-LCV)","2012-11-01"
"MI",53,45,"PPP (D-Health Care for America Now)","2012-10-31"
"MI",48,45,"Glengariff Group ","2012-10-29"
"MI",48,42,"EPIC-MRA","2012-10-29"
"MI",47,47,"FMWB (D)","2012-10-23"
"MI",52,43,"Angus-Reid","2012-10-20"
"MI",52,46,"EPIC-MRA","2012-10-17"
"MI",52,45,"Rasmussen","2012-10-11"
"MI",52,42,"YouGov","2012-10-11"
"MI",44,41," Denno/ Lambert, Edwards & Associates","2012-10-10"
"MI",49,42,"Glengariff Group ","2012-10-08"
"MI",46,44,"Gravis Marketing","2012-10-08"
"MI",48,45,"EPIC-MRA","2012-10-06"
"MI",49,46,"FMWB (D)","2012-10-05"
"MI",52,40,"We Ask America","2012-09-27"
"MI",50,46,"Gravis Marketing","2012-09-22"
"MI",54,42,"Rasmussen","2012-09-20"
"MI",51,42,"PPP (D)/NRDC","2012-09-19"
"MI",52,44,"CNN","2012-09-18"
"MI",52,38,"Glengariff Group ","2012-09-17"
"MI",48,42,"Marketing Resource Group (R)","2012-09-14"
"MI",51,42,"YouGov","2012-09-14"
"MI",45,44,"FMWB (D)","2012-09-12"
"MI",47,37,"EPIC-MRA","2012-09-11"
"MI",51,44,"PPP (D)","2012-09-02"
"MI",49,46,"EPIC-MRA","2012-08-28"
"MI",47,47,"Mitchell Research","2012-08-23"
"MI",48,42,"Glengariff Group ","2012-08-20"
"MI",44,48,"FMWB (D)","2012-08-16"
"MI",49,44,"Mitchell Research","2012-08-13"
"MI",48,42,"EPIC-MRA","2012-07-31"
"MI",44,45,"Mitchell Research","2012-07-23"
"MI",48,42,"Rasmussen","2012-07-23"
"MI",53,39,"PPP (D)","2012-07-23"
"MI",47,43,"NBC/Marist","2012-06-25"
"MI",47,46,"Mitchell Research","2012-06-18"
"MI",43,45,"We Ask America","2012-06-18"
"MI",50,42,"Rasmussen","2012-06-14"
"MI",47,45,"FMWB (D)","2012-06-12"
"MI",45,46,"EPIC-MRA","2012-06-05"
"MI",53,39,"PPP (D)","2012-05-27"
"MI",45,40,"Glengariff Group ","2012-05-11"
"MI",47,43,"EPIC-MRA","2012-04-03"
"MI",49,42,"Marketing Resource Group (R)","2012-03-19"
"MI",51,33,"NBC/Marist","2012-02-20"
"MI",54,38,"PPP (D)","2012-02-12"
"MI",48,40,"EPIC-MRA","2012-01-25"
"MI",41,46,"EPIC-MRA","2011-11-16"
"MI",50,39,"SurveyUSA","2011-10-14"
"MI",47,43,"PPP (D)","2010-12-06"
"MN",53,45,"PPP (D)","2012-11-03"
"MN",52,41,"SurveyUSA","2012-11-03"
"MN",50,43,"YouGov","2012-11-03"
"MN",53,44,"PPP (D-LCV)","2012-11-01"
"MN",45,46,"NMB (R-American Future Fund)","2012-10-31"
"MN",50,43,"SurveyUSA","2012-10-28"
"MN",47,44,"The Star Tribune Minnesota Poll/Mason-Dixon","2012-10-25"
"MN",51,46,"Rasmussen","2012-10-21"
"MN",53,45,"St. Cloud St","2012-10-21"
"MN",50,40,"SurveyUSA","2012-10-14"
"MN",52,44,"YouGov","2012-10-11"
"MN",47,43,"NMB (R-American Future Fund)","2012-10-08"
"MN",53,43,"PPP (D)","2012-10-08"
"MN",48,40,"The Star Tribune Minnesota Poll/Mason-Dixon","2012-09-19"
"MN",50,42,"YouGov","2012-09-14"
"MN",51,44,"PPP (D)","2012-09-11"
"MN",50,40,"SurveyUSA","2012-09-09"
"MN",46,40,"SurveyUSA","2012-07-19"
"MN",54,39,"PPP (D)","2012-06-03"
"MN",52,38,"SurveyUSA","2012-05-10"
"MN",49,36,"SurveyUSA","2012-02-02"
"MN",51,41,"PPP (D)","2012-01-22"
"MN",45,39,"SurveyUSA","2011-11-06"
"MN",45,39,"St. Cloud St/Minnpost","2011-10-26"
"MS",36,54,"PPP (D)","2011-11-06"
"MS",40,46,"PPP (D)","2011-03-27"
"MO",45,53,"PPP (D)","2012-11-03"
"MO",42,53,"YouGov","2012-11-03"
"MO",43,50,"SurveyUSA","2012-11-03"
"MO",42,54,"We Ask America","2012-10-30"
"MO",41,54,"Mason-Dixon","2012-10-25"
"MO",46,52,"PPP (D)","2012-10-21"
"MO",43,54,"Rasmussen","2012-10-17"
"MO",41,55,"Wenzel Strategies (R)","2012-10-13"
"MO",42,52,"YouGov","2012-10-11"
"MO",45,51,"PPP (D)","2012-10-03"
"MO",46,49,"Rasmussen","2012-10-02"
"MO",40,50,"Wenzel Strategies (R-Akin)","2012-10-01"
"MO",45,48,"We Ask America","2012-09-27"
"MO",44,50,"Chilenski Strategies/Missouri Scout","2012-09-20"
"MO",43,50,"YouGov","2012-09-14"
"MO",45,48,"Rasmussen","2012-09-11"
"MO",38,57,"Wenzel Strategies (R-Citizens United)","2012-09-11"
"MO",41,53,"PPP (D)","2012-08-29"
"MO",36,53,"Gravis Marketing","2012-08-23"
"MO",43,50,"Mason-Dixon","2012-08-23"
"MO",47,46,"Rasmussen","2012-08-22"
"MO",42,52,"PPP (D)","2012-08-20"
"MO",44,45,"SurveyUSA","2012-08-12"
"MO",47,48,"Chilenski Strategies/Missouri Scout","2012-08-08"
"MO",44,50,"Rasmussen","2012-07-30"
"MO",42,51,"Mason-Dixon","2012-07-25"
"MO",40,49,"We Ask America","2012-07-24"
"MO",42,49,"Rasmussen","2012-06-07"
"MO",45,44,"PPP (D)","2012-05-27"
"MO",45,48,"Rasmussen","2012-04-17"
"MO",41,50,"Rasmussen","2012-03-15"
"MO",45,45,"PPP (D)","2012-01-29"
"MO",42,45,"Rasmussen","2011-11-09"
"MO",43,45,"PPP (D)","2011-05-01"
"MO",43,44,"PPP (D)","2011-03-06"
"MO",41,47,"PPP (D)","2010-12-01"
"MT",45,52,"PPP (D)","2012-11-03"
"MT",43,53,"The Lee Newspapers Poll/Mason-Dixon","2012-10-31"
"MT",43,53,"Rasmussen","2012-10-29"
"MT",43,53,"PPP (D-LCV)","2012-10-16"
"MT",45,53,"Rasmussen","2012-10-14"
"MT",41,52,"PPP (D)","2012-10-10"
"MT",35,49,"MSU-Billings","2012-09-30"
"MT",44,48,"Mellman (D-Montana JET PAC)","2012-09-26"
"MT",42,51,"The Lee Newspapers Poll/Mason-Dixon","2012-09-19"
"MT",45,50,"PPP (D)","2012-09-11"
"MT",38,55,"Rasmussen","2012-08-20"
"MT",42,51,"Rasmussen","2012-06-18"
"MT",44,51,"Rasmussen","2012-05-02"
"MT",43,48,"PPP (D)","2012-04-29"
"MT",40,49,"Rasmussen","2012-04-02"
"MT",41,48,"Rasmussen","2012-02-22"
"MT",40,50,"PPP (D)","2011-11-30"
"MT",39,50,"PPP (D)","2010-11-13"
"NE",41,54,"We Ask America","2012-11-01"
"NE",38,52,"Wiese/Omaha World-Herald","2012-10-25"
"NE",39,53,"Wiese/Omaha World-Herald","2012-09-20"
"NE",39,53,"Rasmussen","2012-05-16"
"NE",39,51,"PPP (D)","2012-03-25"
"NE",35,52,"Rasmussen","2012-03-05"
"NE",38,51,"PPP (D)","2011-10-02"
"NV",51,47,"PPP (D)","2012-11-04"
"NV",49,45,"YouGov","2012-11-03"
"NV",50,44,"Mellman (D-Americans United for Change)","2012-10-31"
"NV",50,46,"SurveyUSA","2012-10-29"
"NV",49,43,"Grove Insight (D-Project New America/USAction)","2012-10-28"
"NV",50,49,"Gravis Marketing","2012-10-24"
"NV",50,47,"NBC/WSJ/Marist","2012-10-24"
"NV",51,47,"PPP (D)","2012-10-24"
"NV",50,48,"Rasmussen","2012-10-23"
"NV",49,47,"ARG","2012-10-22"
"NV",51,43,"Mellman (D-Americans United for Change)","2012-10-17"
"NV",50,43,"Grove Insight (D-Project New America)","2012-10-16"
"NV",50,47,"Rasmussen","2012-10-15"
"NV",48,45,"SurveyUSA","2012-10-15"
"NV",50,45,"YouGov","2012-10-11"
"NV",51,47,"PPP (D)","2012-10-10"
"NV",47,45,"Suffolk/KSNV","2012-10-09"
"NV",47,47,"Rasmussen","2012-10-08"
"NV",47,46,"SurveyUSA","2012-10-08"
"NV",49,48,"Gravis Marketing","2012-10-03"
"NV",53,42,"We Ask America","2012-09-27"
"NV",49,47,"NBC/WSJ/Marist","2012-09-25"
"NV",51,44,"ARG","2012-09-23"
"NV",46,46,"POS (R)","2012-09-20"
"NV",52,43,"PPP (D-League of Conservation Voters)","2012-09-20"
"NV",47,45,"Rasmussen","2012-09-18"
"NV",49,46,"CNN","2012-09-18"
"NV",51,44,"YouGov","2012-09-14"
"NV",50,47,"PPP (D)","2012-08-26"
"NV",47,45,"SurveyUSA","2012-08-21"
"NV",50,45,"Rasmussen","2012-07-24"
"NV",49,43,"We Ask America","2012-07-18"
"NV",50,46,"Magellan (R)","2012-07-17"
"NV",48,42,"PPP (D)","2012-06-10"
"NV",48,46,"NBC/Marist","2012-05-24"
"NV",52,44,"Rasmussen","2012-04-30"
"NV",51,43,"PPP (D)","2012-04-01"
"NV",50,44,"Rasmussen","2012-03-19"
"NV",46,40,"Las Vegas Review-Journal/UNLV","2011-12-20"
"NV",46,46,"PPP (D)","2011-10-23"
"NV",43,46,"PPP (D)","2011-04-24"
"NV",47,46,"PPP (D)","2011-01-05"
"NH",50,48,"Rasmussen","2012-11-04"
"NH",50,46,"New England College","2012-11-04"
"NH",50,48,"PPP (D)","2012-11-04"
"NH",49,49,"ARG","2012-11-04"
"NH",50,46,"UNH/WMUR","2012-11-04"
"NH",47,43,"YouGov","2012-11-03"
"NH",48,48,"UNH/WMUR","2012-11-02"
"NH",50,49,"Gravis Marketing","2012-11-01"
"NH",50,44,"New England College","2012-10-31"
"NH",49,47,"NBC/WSJ/Marist","2012-10-29"
"NH",49,47,"PPP (D)","2012-10-28"
"NH",47,42,"Lake Research (D-USAction)","2012-10-28"
"NH",47,44,"Grove Insight (D-Project New America)","2012-10-25"
"NH",49,46,"New England College","2012-10-25"
"NH",48,50,"Rasmussen","2012-10-23"
"NH",47,49,"ARG","2012-10-22"
"NH",48,45,"Lake Research (D-USAction)","2012-10-22"
"NH",51,42,"UNH","2012-10-21"
"NH",48,49,"PPP (D)","2012-10-19"
"NH",50,49,"Rasmussen","2012-10-15"
"NH",47,47,"Suffolk","2012-10-14"
"NH",46,50,"ARG","2012-10-11"
"NH",48,48,"Rasmussen","2012-10-09"
"NH",50,44,"UNH/WMUR","2012-10-06"
"NH",54,39,"UNH/WMUR","2012-09-30"
"NH",50,45,"ARG","2012-09-27"
"NH",51,44,"PPP (D-Progressive Change Campaign Committee)","2012-09-25"
"NH",51,44,"NBC/WSJ/Marist","2012-09-25"
"NH",52,45,"GQR (D-New Hampshire Democratic Party)","2012-09-19"
"NH",45,48,"Rasmussen","2012-09-18"
"NH",48,47,"ARG","2012-09-17"
"NH",48,42,"YouGov","2012-09-14"
"NH",45,40,"UNH/WMUR","2012-09-10"
"NH",51,45,"PPP (D)","2012-08-12"
"NH",49,46,"UNH/WMUR","2012-08-12"
"NH",50,44,"PPP (D-Democracy for America)","2012-08-08"
"NH",49,45,"UNH/WMUR","2012-07-15"
"NH",45,45,"NBC/Marist","2012-06-25"
"NH",49,46,"ARG","2012-06-24"
"NH",48,43,"Rasmussen","2012-06-20"
"NH",53,41,"PPP (D)","2012-05-13"
"NH",51,42,"UNH/WMUR","2012-04-20"
"NH",42,44,"Dartmouth","2012-04-05"
"NH",48,41,"ARG","2012-03-18"
"NH",50,40,"UNH/WMUR","2012-02-02"
"NH",43,46,"Marist College","2011-11-30"
"NH",44,47,"UNH/WMUR","2011-11-20"
"NH",40,50,"Bloomberg","2011-11-12"
"NH",41,52,"Mason-Dixon","2011-10-06"
"NH",42,50,"UNH/WMUR","2011-10-06"
"NH",40,49,"Marist College","2011-10-05"
"NH",43,47,"UNH/WMUR","2011-07-01"
"NH",43,50,"UNH","2011-04-26"
"NJ",53,41,"YouGov","2012-11-03"
"NJ",51,41,"Philadelphia Inquirer/National Research (R)/GSG (D)","2012-10-25"
"NJ",54,40,"SurveyUSA","2012-10-18"
"NJ",53,38,"Stockton","2012-10-18"
"NJ",48,41,"Neighborhood (R-AFP)","2012-10-14"
"NJ",51,43,"Quinnipiac","2012-10-14"
"NJ",54,41,"YouGov","2012-10-11"
"NJ",51,40,"Philadelphia Inquirer/National Research (R)/GSG (D)","2012-10-08"
"NJ",56,39,"Rutgers-Eagleton","2012-09-30"
"NJ",52,37,"Monmouth University/Asbury Park Press","2012-09-23"
"NJ",52,40,"YouGov","2012-09-14"
"NJ",51,37,"Philadelphia Inquirer/National Research (R)/GSG (D)","2012-09-12"
"NJ",52,38,"Fairleigh Dickinson","2012-09-12"
"NJ",51,44,"Quinnipiac","2012-09-02"
"NJ",51,37,"Rutgers-Eagleton","2012-08-25"
"NJ",49,36,"Fairleigh Dickinson","2012-07-29"
"NJ",50,42,"Monmouth University/Asbury Park Press","2012-07-22"
"NJ",49,38,"Quinnipiac","2012-07-15"
"NJ",56,33,"Rutgers-Eagleton","2012-06-04"
"NJ",49,39,"Quinnipiac","2012-05-14"
"NJ",50,36,"Fairleigh Dickinson","2012-05-06"
"NJ",49,40,"Quinnipiac","2012-04-09"
"NJ",50,37,"Fairleigh Dickinson","2012-03-11"
"NJ",49,39,"Quinnipiac","2012-02-27"
"NJ",52,38,"SurveyUSA","2012-02-26"
"NJ",56,31,"Rutgers-Eagleton","2012-02-11"
"NJ",48,38,"Quinnipiac","2012-01-16"
"NJ",51,32,"Rutgers-Eagleton","2011-12-18"
"NJ",49,40,"Quinnipiac","2011-11-14"
"NJ",47,41,"Quinnipiac","2011-10-10"
"NJ",52,37,"PPP (D)","2011-01-09"
"NM",49,43,"YouGov","2012-11-03"
"NM",49,41,"POS (R-Wilson)","2012-10-31"
"NM",47,42,"POS (R-Wilson)","2012-10-22"
"NM",49,39,"Albuquerque Journal","2012-10-10"
"NM",54,43,"Rasmussen","2012-10-08"
"NM",52,43,"PPP (D-League of Conservation Voters)","2012-10-03"
"NM",51,40,"Rasmussen","2012-09-27"
"NM",47,40,"POS (R-Wilson)","2012-09-27"
"NM",51,41,"We Ask America","2012-09-27"
"NM",52,43,"PPP (D)/NRDC","2012-09-20"
"NM",51,43,"YouGov","2012-09-14"
"NM",53,42,"PPP (D-League of Conservation Voters)","2012-09-09"
"NM",45,40,"Albuquerque Journal","2012-09-06"
"NM",52,38,"Rasmussen","2012-08-21"
"NM",49,44,"PPP (D)","2012-07-16"
"NM",48,35,"FMMMA (D)","2012-05-21"
"NM",48,35,"PPP (D)","2012-04-22"
"NM",52,36,"Rasmussen","2012-04-03"
"NM",55,36,"Rasmussen","2012-02-14"
"NM",53,38,"PPP (D)","2011-12-12"
"NM",53,37,"PPP (D)","2011-02-06"
"NY",59,36,"YouGov","2012-11-03"
"NY",62,33,"SurveyUSA","2012-10-25"
"NY",59,35,"Siena","2012-10-24"
"NY",61,35,"Marist","2012-10-21"
"NY",59,35,"YouGov","2012-10-11"
"NY",58,36,"YouGov","2012-09-14"
"NY",62,34,"Quinnipiac","2012-09-12"
"NY",62,33,"Siena","2012-08-19"
"NY",55,32,"Quinnipiac","2012-07-23"
"NY",61,34,"Siena","2012-07-15"
"NY",59,35,"Siena","2012-06-06"
"NY",56,31,"Quinnipiac","2012-05-28"
"NY",57,37,"Siena","2012-05-10"
"NY",57,35,"Marist","2012-04-12"
"NY",60,35,"Siena","2012-04-04"
"NY",56,33,"Quinnipiac","2012-04-02"
"NY",60,34,"Siena","2012-02-29"
"NY",52,35,"Quinnipiac","2012-02-13"
"NY",63,31,"Siena","2012-02-01"
"NY",58,35,"Marist","2012-01-19"
"NY",59,34,"Siena","2011-11-13"
"NY",59,35,"Marist","2011-10-27"
"NY",55,37,"Siena","2011-10-12"
"NC",46,50,"Gravis Marketing","2012-11-04"
"NC",49,49,"PPP (D)","2012-11-04"
"NC",47,49,"YouGov","2012-11-03"
"NC",49,49,"PPP (D)","2012-10-31"
"NC",45,46,"High Point University","2012-10-30"
"NC",45,50,"SurveyUSA","2012-10-29"
"NC",45,45,"Elon","2012-10-26"
"NC",46,52,"Rasmussen","2012-10-25"
"NC",48,48,"PPP (D)","2012-10-25"
"NC",45,53,"Gravis Marketing","2012-10-24"
"NC",47,44,"Grove Insight (D-Project New America)","2012-10-24"
"NC",47,48,"Civitas (R) / National Research (R)","2012-10-21"
"NC",47,44,"Grove Insight (D-Project New America)","2012-10-18"
"NC",46,52,"Rasmussen","2012-10-17"
"NC",47,49,"PPP (D)","2012-10-14"
"NC",45,49,"Tel Opinion Research (R-North Carolina Republican Party)","2012-10-13"
"NC",48,49,"YouGov","2012-10-11"
"NC",46,45,"High Point University/UNC","2012-10-10"
"NC",48,51,"Rasmussen","2012-10-09"
"NC",41,50,"Gravis Marketing","2012-10-08"
"NC",47,51,"Rasmussen","2012-10-02"
"NC",49,47,"SurveyUSA","2012-10-01"
"NC",46,50,"ARG","2012-09-30"
"NC",48,48,"PPP (D)","2012-09-30"
"NC",48,46,"NBC/WSJ/Marist","2012-09-25"
"NC",49,45,"Civitas (R) / National Research (R)","2012-09-19"
"NC",48,46,"Purple Strategies","2012-09-19"
"NC",46,43,"High Point University/Fox 8","2012-09-18"
"NC",46,48,"YouGov","2012-09-14"
"NC",45,51,"Rasmussen","2012-09-13"
"NC",49,48,"PPP (D)","2012-09-09"
"NC",43,53,"Civitas (R) / SurveyUSA","2012-09-06"
"NC",48,48,"PPP (D)","2012-09-02"
"NC",43,46,"High Point University/SurveyUSA","2012-08-30"
"NC",43,47,"Elon","2012-08-30"
"NC",47,48,"CNN/Time/ORC","2012-08-26"
"NC",43,43,"High Point University/SurveyUSA","2012-08-23"
"NC",49,46,"PPP (D)","2012-08-05"
"NC",44,49,"Rasmussen","2012-08-01"
"NC",48,49,"Civitas (R) / National Research (R)","2012-07-18"
"NC",47,46,"PPP (D)","2012-07-08"
"NC",48,49,"Project New America/Myers (D)","2012-07-08"
"NC",45,50,"Civitas (R) / SurveyUSA","2012-07-01"
"NC",44,47,"Rasmussen","2012-06-25"
"NC",46,44,"NBC/Marist","2012-06-25"
"NC",46,48,"PPP (D)","2012-06-10"
"NC",44,45,"SurveyUSA","2012-05-21"
"NC",45,47,"Civitas (R) / National Research (R)","2012-05-20"
"NC",43,51,"Rasmussen","2012-05-14"
"NC",48,47,"PPP (D)","2012-05-13"
"NC",47,43,"SurveyUSA","2012-04-30"
"NC",44,46,"Rasmussen","2012-04-10"
"NC",49,44,"PPP (D)","2012-04-07"
"NC",49,46,"PPP (D)","2012-03-11"
"NC",47,46,"PPP (D)","2012-02-05"
"NC",39,48,"Civitas (R) / National Research (R)","2012-01-11"
"NC",46,45,"PPP (D)","2012-01-08"
"NC",46,46,"PPP (D)","2011-12-04"
"NC",45,46,"PPP (D)","2011-10-31"
"NC",46,45,"PPP (D)","2011-10-03"
"NC",46,43,"PPP (D)","2011-08-07"
"NC",45,44,"PPP (D)","2011-06-11"
"NC",46,43,"PPP (D)","2011-05-15"
"NC",47,44,"PPP (D)","2011-04-17"
"NC",44,42,"PPP (D)","2011-03-20"
"NC",47,44,"PPP (D)","2011-02-21"
"NC",47,44,"PPP (D)","2011-01-23"
"NC",46,43,"PPP (D)","2010-12-19"
"NC",44,44,"PPP (D)","2010-11-21"
"ND",40,54,"Mason-Dixon","2012-10-28"
"ND",40,54,"Rasmussen","2012-10-18"
"ND",32,57,"Essman/Research","2012-10-15"
"ND",40,54,"Mason-Dixon","2012-10-05"
"ND",39,51,"DFM Research (D-ND Dems/NPL)","2012-09-27"
"ND",35,54,"DFM Research (D-ND Dems/NPL)","2012-07-26"
"ND",36,51,"Rasmussen","2012-07-11"
"ND",39,52,"Mason-Dixon","2012-06-06"
"ND",32,51,"DFM Research (D-DSCC)","2012-04-26"
"ND",33,47,"Mellman Group (D-DSCC)","2011-11-16"
"OH",49,48,"Gravis Marketing","2012-11-05"
"OH",50,46,"Ipsos/Reuters (Web)","2012-11-05"
"OH",51,44,"JZ Analytics/Newsmax","2012-11-05"
"OH",49,49,"Rasmussen","2012-11-04"
"OH",52,47,"PPP (D)","2012-11-04"
"OH",51,48,"Angus-Reid","2012-11-04"
"OH",49,44,"SurveyUSA","2012-11-04"
"OH",50,49,"The Ohio Poll/University of Cincinnati","2012-11-04"
"OH",49,46,"YouGov","2012-11-03"
"OH",50,48,"Columbus Dispatch","2012-11-03"
"OH",49,45,"Grove Insight (D-Project New America/USAction)","2012-11-02"
"OH",47,45,"Ipsos/Reuters (Web)","2012-11-02"
"OH",49,49,"Rasmussen","2012-11-01"
"OH",51,45,"NBC/WSJ/Marist","2012-11-01"
"OH",50,47,"CNN","2012-11-01"
"OH",50,46,"We Ask America","2012-11-01"
"OH",46,49,"Wenzel Strategies (R-Citizens United)","2012-10-31"
"OH",50,45,"PPP (D-Health Care for America Now)","2012-10-30"
"OH",50,44,"JZ Analytics/Newsmax","2012-10-30"
"OH",48,46,"The Ohio Poll/University of Cincinnati","2012-10-30"
"OH",48,46,"Pulse Opinion Research/Let Freedom Ring (R)","2012-10-29"
"OH",48,45,"Grove Insight (D-Project New America/USAction)","2012-10-29"
"OH",48,45,"SurveyUSA","2012-10-29"
"OH",48,50,"Rasmussen","2012-10-28"
"OH",51,47,"PPP (D)","2012-10-28"
"OH",50,45,"Quinnipiac/NYT/CBS","2012-10-28"
"OH",50,49,"Gravis Marketing","2012-10-27"
"OH",49,47,"ARG","2012-10-25"
"OH",50,46,"CNN","2012-10-25"
"OH",46,44,"Purple Strategies","2012-10-25"
"OH",49,44,"Mellman (D-Americans United for Change)","2012-10-25"
"OH",48,48,"Rasmussen","2012-10-23"
"OH",49,44,"Time","2012-10-23"
"OH",46,44,"Lake Research (D-USAction)","2012-10-23"
"OH",49,49,"Ohio Newspaper Organization/University of Cincinnati","2012-10-23"
"OH",47,44,"SurveyUSA","2012-10-22"
"OH",47,47,"Suffolk","2012-10-21"
"OH",48,48,"Angus-Reid","2012-10-20"
"OH",49,48,"PPP (D)","2012-10-20"
"OH",50,45,"Quinnipiac/CBS","2012-10-20"
"OH",47,47,"Gravis Marketing","2012-10-19"
"OH",46,43,"FOX","2012-10-18"
"OH",49,48,"Rasmussen","2012-10-17"
"OH",46,47,"Pulse Opinion Research/Let Freedom Ring (R)","2012-10-15"
"OH",45,42,"SurveyUSA","2012-10-15"
"OH",51,46,"PPP (D)","2012-10-13"
"OH",50,46,"YouGov","2012-10-11"
"OH",48,47,"Rasmussen","2012-10-10"
"OH",45,46,"Gravis Marketing","2012-10-10"
"OH",51,45,"NBC/WSJ/Marist","2012-10-09"
"OH",47,46,"Pulse Opinion Research/Let Freedom Ring (R)","2012-10-08"
"OH",47,48,"ARG","2012-10-08"
"OH",51,47,"CNN","2012-10-08"
"OH",45,44,"SurveyUSA","2012-10-08"
"OH",47,48,"Wenzel Strategies (R-Citizens United)","2012-10-05"
"OH",50,49,"Rasmussen","2012-10-04"
"OH",46,47,"We Ask America","2012-10-04"
"OH",50,43,"Pulse Opinion Research/Let Freedom Ring (R)","2012-10-01"
"OH",51,43,"NBC/WSJ/Marist","2012-10-01"
"OH",49,45,"PPP (D)","2012-09-30"
"OH",51,42,"Columbus Dispatch","2012-09-29"
"OH",53,43,"Quinnipiac/NYT/CBS","2012-09-24"
"OH",52,44,"Washington Post","2012-09-23"
"OH",45,44,"Gravis Marketing","2012-09-22"
"OH",48,44,"Purple Strategies","2012-09-19"
"OH",49,42,"FOX","2012-09-18"
"OH",50,44,"PPP (D)/NRDC","2012-09-18"
"OH",51,46,"Ohio Newspaper Organization/University of Cincinnati","2012-09-18"
"OH",47,44,"Caddell/McLaughlin (R)/Secure America Now","2012-09-15"
"OH",47,44,"YouGov","2012-09-14"
"OH",47,46,"Rasmussen","2012-09-12"
"OH",48,47,"ARG","2012-09-12"
"OH",50,43,"NBC/WSJ/Marist","2012-09-11"
"OH",50,45,"PPP (D)","2012-09-09"
"OH",47,43,"Gravis Marketing","2012-09-08"
"OH",44,47,"Gravis Marketing","2012-09-02"
"OH",45,44,"Gravis Marketing","2012-08-27"
"OH",45,45,"Columbus Dispatch","2012-08-25"
"OH",50,44,"Quinnipiac/NYT/CBS","2012-08-21"
"OH",49,46,"The Ohio Poll/University of Cincinnati","2012-08-21"
"OH",44,46,"Purple Strategies","2012-08-14"
"OH",45,45,"Rasmussen","2012-08-13"
"OH",48,45,"PPP (D)","2012-08-12"
"OH",50,44,"Quinnipiac/NYT/CBS","2012-07-30"
"OH",48,40,"We Ask America","2012-07-24"
"OH",45,43,"Magellan (R-Opportunity Ohio)","2012-07-24"
"OH",47,45,"Rasmussen","2012-07-18"
"OH",48,45,"Purple Strategies","2012-07-13"
"OH",48,41,"Garin-Hart-Yang (D-Priorities USA)","2012-07-03"
"OH",47,38,"Quinnipiac","2012-06-25"
"OH",47,44,"PPP (D)","2012-06-24"
"OH",45,48,"Purple Strategies","2012-06-05"
"OH",44,46,"Rasmussen","2012-05-29"
"OH",48,42,"NBC/Marist","2012-05-20"
"OH",45,44,"Quinnipiac","2012-05-07"
"OH",50,43,"PPP (D)","2012-05-06"
"OH",44,42,"Quinnipiac","2012-05-01"
"OH",49,44,"Purple Strategies","2012-04-23"
"OH",46,42,"Rasmussen","2012-04-18"
"OH",45,39,"FOX","2012-04-17"
"OH",48,40,"Rasmussen","2012-03-26"
"OH",47,41,"Quinnipiac","2012-03-26"
"OH",50,38,"NBC/Marist","2012-03-02"
"OH",38,44,"FOX","2012-02-13"
"OH",46,44,"Quinnipiac","2012-02-12"
"OH",45,41,"Rasmussen","2012-02-08"
"OH",49,42,"PPP (D)","2012-01-29"
"OH",44,42,"Quinnipiac","2012-01-16"
"OH",42,43,"Quinnipiac","2011-12-05"
"OH",45,42,"Quinnipiac","2011-11-07"
"OH",50,41,"PPP (D)","2011-11-06"
"OH",45,41,"Quinnipiac","2011-10-23"
"OH",46,46,"PPP (D)","2011-10-16"
"OK",33,58,"SoonerPoll.com","2012-10-24"
"OK",29,58,"SoonerPoll.com","2012-08-14"
"OK",27,62,"SoonerPoll.com","2012-05-10"
"OR",52,46,"PPP (D)","2012-11-01"
"OR",47,41,"Elway/Oregonian","2012-10-28"
"OR",47,42,"Hoffman Research (R)","2012-10-25"
"OR",49,42,"SurveyUSA","2012-10-18"
"OR",50,41,"SurveyUSA","2012-09-13"
"OR",50,42,"PPP (D)","2012-06-24"
"OR",47,43,"SurveyUSA","2012-05-10"
"OR",50,39,"SurveyUSA","2012-03-19"
"OR",53,40,"DailyKos.com/PPP (D)","2011-12-14"
"OR",48,40,"SurveyUSA","2011-11-21"
"PA",49,46,"Gravis Marketing","2012-11-04"
"PA",51,47,"Angus-Reid","2012-11-04"
"PA",52,46,"PPP (D)","2012-11-03"
"PA",49,46,"Muhlenberg","2012-11-03"
"PA",52,44,"YouGov","2012-11-03"
"PA",47,47,"Susquehanna (R)/Pittsburgh Tribune-Review","2012-10-31"
"PA",49,46,"Pulse Opinion Research/Let Freedom Ring (R)","2012-10-30"
"PA",49,45,"Franklin and Marshall College","2012-10-28"
"PA",49,43,"Philadelphia Inquirer/National Research (R)/GSG (D)","2012-10-25"
"PA",51,46,"Rasmussen","2012-10-24"
"PA",48,45,"Gravis Marketing","2012-10-21"
"PA",50,45,"Muhlenberg","2012-10-21"
"PA",52,42,"Angus-Reid","2012-10-20"
"PA",48,44,"Pulse Opinion Research/Let Freedom Ring (R)","2012-10-15"
"PA",51,44,"PPP (D)","2012-10-14"
"PA",50,46,"Quinnipiac","2012-10-14"
"PA",49,45,"Muhlenberg","2012-10-14"
"PA",45,49,"Susquehanna (R - Republican State Committee of Pennsylvania)","2012-10-13"
"PA",51,44,"YouGov","2012-10-11"
"PA",51,46,"Rasmussen","2012-10-09"
"PA",47,45,"Pulse Opinion Research/Let Freedom Ring (R)","2012-10-08"
"PA",50,42,"Philadelphia Inquirer/National Research (R)/GSG (D)","2012-10-08"
"PA",47,45,"Susquehanna (R)","2012-10-06"
"PA",43,40,"Siena","2012-10-05"
"PA",49,42,"Muhlenberg","2012-09-26"
"PA",54,42,"Quinnipiac/NYT/CBS","2012-09-24"
"PA",52,43,"Franklin and Marshall College","2012-09-23"
"PA",47,45,"Susquehanna (R)/Tribune-Review","2012-09-20"
"PA",48,40,"Mercyhurst University","2012-09-20"
"PA",51,39,"Rasmussen","2012-09-19"
"PA",48,42,"We Ask America","2012-09-18"
"PA",52,40,"PPP (D)/NRDC","2012-09-18"
"PA",48,47,"Susquehanna (R-Republican State Committee of Pennsylvania)","2012-09-17"
"PA",50,41,"Muhlenberg","2012-09-16"
"PA",52,43,"YouGov","2012-09-14"
"PA",50,39,"Philadelphia Inquirer/National Research (R)/GSG (D)","2012-09-12"
"PA",51,42,"Philadelphia Inquirer","2012-08-23"
"PA",49,40,"Muhlenberg","2012-08-22"
"PA",47,42,"Franklin and Marshall College","2012-08-12"
"PA",53,42,"Quinnipiac/NYT/CBS","2012-07-30"
"PA",49,43,"PPP (D)","2012-07-23"
"PA",46,43,"Susquehanna (R)","2012-07-23"
"PA",48,44,"Rasmussen","2012-07-18"
"PA",47,40,"We Ask America","2012-07-10"
"PA",49,40,"Garin-Hart-Yang (D-Priorities USA)","2012-07-03"
"PA",45,39,"Quinnipiac","2012-06-25"
"PA",46,40,"Quinnipiac","2012-06-10"
"PA",48,36,"Franklin and Marshall College","2012-06-04"
"PA",47,41,"Rasmussen","2012-05-21"
"PA",50,42,"PPP (D)","2012-05-20"
"PA",47,39,"Quinnipiac","2012-05-01"
"PA",45,40,"Muhlenberg","2012-04-01"
"PA",45,42,"Quinnipiac","2012-03-26"
"PA",46,40,"Quinnipiac","2012-03-12"
"PA",49,42,"PPP (D)","2012-03-11"
"PA",45,44,"Rasmussen","2012-02-23"
"PA",48,37,"Muhlenberg","2012-02-21"
"PA",41,33,"Franklin and Marshall College","2012-02-20"
"PA",43,45,"Susquehanna (R)","2012-02-06"
"PA",41,30,"Franklin and Marshall College","2012-01-22"
"PA",45,41,"Muhlenberg","2011-12-07"
"PA",46,43,"Quinnipiac","2011-12-05"
"PA",45,45,"PPP (D)","2011-11-20"
"PA",44,44,"SurveyUSA","2011-11-10"
"PA",44,43,"Quinnipiac","2011-11-07"
"PA",35,26,"Franklin and Marshall College","2011-10-30"
"PA",44,44,"PPP (D)","2011-07-05"
"PA",43,42,"PPP (D)","2011-04-10"
"PA",46,42,"PPP (D)","2011-01-05"
"RI",54,33,"Fleming and Associates/WPRI","2012-10-27"
"RI",58,32,"Brown University","2012-10-05"
"RI",57,33,"Fleming and Associates/WPRI","2012-09-29"
"RI",54,37,"PPP (D)","2011-02-22"
"SC",40,46,"Ipsos/Reuters (Internet)","2012-01-13"
"SC",45,42,"Marist College","2011-12-06"
"SC",40,46,"Marist College","2011-10-13"
"SD",41,53,"Nielson Brothers","2012-11-04"
"SD",42,50,"Nielson Brothers","2012-10-31"
"SD",41,52,"Nielson Brothers","2012-10-05"
"SD",39,54,"Nielson Brothers","2012-09-06"
"SD",43,49,"Nielson Brothers","2012-07-23"
"SD",35,44,"Nielson Brothers","2012-02-17"
"TN",42,53,"YouGov","2012-11-03"
"TN",34,59,"MTSU","2012-10-21"
"TN",43,52,"YouGov","2012-10-11"
"TN",42,50,"YouGov","2012-09-14"
"TN",40,47,"Vanderbit / PSRA","2012-05-09"
"TN",41,47,"MTSU","2012-02-25"
"TN",39,42,"Vanderbit / PSRA","2012-02-22"
"TN",29,44,"MTSU","2011-10-14"
"TX",38,57,"YouGov","2012-11-03"
"TX",39,55,"U of Texas/Texas Tribune","2012-10-21"
"TX",41,55,"YouGov","2012-10-11"
"TX",39,58,"Texas Lyceum","2012-09-26"
"TX",41,53,"YouGov","2012-09-14"
"TX",40,55,"Wilson Perkins Allen Opinion Research (R)","2012-09-11"
"TX",35,55,"U of Texas/Texas Tribune","2012-05-13"
"TX",43,50,"PPP (D)","2012-04-22"
"TX",36,49,"U of Texas/Texas Tribune","2012-02-15"
"TX",42,49,"PPP (D)","2012-01-15"
"TX",34,36,"U of Texas/Texas Tribune","2011-10-26"
"UT",26,69,"Dan Jones & Associates","2012-11-01"
"UT",25,70,"Mason-Dixon/The Salt Lake Tribune","2012-10-31"
"UT",20,71,"Key/BYU","2012-10-13"
"UT",26,68,"Dan Jones & Associates","2012-06-21"
"UT",31,63,"PPP (D)","2011-07-10"
"VT",62,25,"Castleton State College","2012-08-21"
"VT",58,33,"Castleton State College","2012-02-22"
"VA",48,46,"Ipsos/Reuters (Web)","2012-11-05"
"VA",48,50,"Rasmussen","2012-11-04"
"VA",51,47,"PPP (D)","2012-11-04"
"VA",52,44,"JZ Analytics/Newsmax","2012-11-04"
"VA",48,46,"YouGov","2012-11-03"
"VA",48,47,"NBC/WSJ/Marist","2012-11-02"
"VA",48,45,"Ipsos/Reuters (Web)","2012-11-02"
"VA",48,45,"Mellman (D-Americans United for Change)","2012-11-02"
"VA",49,48,"We Ask America","2012-11-01"
"VA",49,46,"PPP (D-Health Care for America Now)","2012-10-31"
"VA",49,48,"Pulse Opinion Research/Let Freedom Ring (R)","2012-10-30"
"VA",47,48,"JZ Analytics/Newsmax","2012-10-30"
"VA",49,47,"Quinnipiac/NYT/CBS","2012-10-28"
"VA",49,46,"Garin-Hart-Yang (D-Priorities USA Action)","2012-10-27"
"VA",48,48,"Gravis Marketing","2012-10-26"
"VA",44,50,"Roanoke College","2012-10-26"
"VA",51,47,"Washington Post","2012-10-26"
"VA",48,48,"JZ Analytics/Newsmax","2012-10-25"
"VA",47,47,"Purple Strategies","2012-10-25"
"VA",48,50,"Rasmussen","2012-10-24"
"VA",51,46,"PPP (D-Health Care for America Now)","2012-10-24"
"VA",44,46,"FOX","2012-10-24"
"VA",46,45,"Mellman (D-Americans United for Change)","2012-10-21"
"VA",47,49,"Wenzel Strategies (R-Citizens United)","2012-10-20"
"VA",49,47,"PPP (D-Health Care for America Now)","2012-10-19"
"VA",47,50,"Rasmussen","2012-10-18"
"VA",50,43,"ODU/Virginian-Pilot","2012-10-17"
"VA",49,48,"PPP (D-LCV)","2012-10-16"
"VA",47,46,"Pulse Opinion Research/Let Freedom Ring (R)","2012-10-15"
"VA",47,48,"ARG","2012-10-14"
"VA",47,49,"Rasmussen","2012-10-11"
"VA",46,45,"YouGov","2012-10-11"
"VA",44,51,"McLaughlin (R-Allen)","2012-10-09"
"VA",47,48,"NBC/WSJ/Marist","2012-10-09"
"VA",51,46,"Quinnipiac/NYT/CBS","2012-10-09"
"VA",48,48,"Pulse Opinion Research/Let Freedom Ring (R)","2012-10-08"
"VA",50,47,"PPP (D)","2012-10-07"
"VA",48,49,"Rasmussen","2012-10-04"
"VA",45,48,"We Ask America","2012-10-04"
"VA",48,47,"Pulse Opinion Research/Let Freedom Ring (R)","2012-10-01"
"VA",48,46,"NBC/WSJ/Marist","2012-10-01"
"VA",47,39,"Roanoke College","2012-09-28"
"VA",49,47,"ARG","2012-09-27"
"VA",46,44,"Suffolk/NBC12","2012-09-26"
"VA",49,43,"PPP (D)/NRDC","2012-09-19"
"VA",46,43,"Purple Strategies","2012-09-19"
"VA",49,42,"FOX","2012-09-18"
"VA",49,46,"We Ask America","2012-09-17"
"VA",50,46,"Quinnipiac/NYT/CBS","2012-09-17"
"VA",51,46,"PPP (D)","2012-09-16"
"VA",52,44,"Washington Post","2012-09-16"
"VA",48,44,"YouGov","2012-09-14"
"VA",49,48,"Rasmussen","2012-09-13"
"VA",49,44,"NBC/WSJ/Marist","2012-09-11"
"VA",44,49,"Gravis Marketing","2012-09-09"
"VA",47,47,"Rasmussen","2012-08-23"
"VA",50,45,"PPP (D)","2012-08-19"
"VA",45,48,"Purple Strategies","2012-08-14"
"VA",48,46,"Rasmussen","2012-08-07"
"VA",49,45,"Quinnipiac/NYT/CBS","2012-08-06"
"VA",47,46,"Rasmussen","2012-07-17"
"VA",44,44,"Quinnipiac","2012-07-16"
"VA",46,44,"Purple Strategies","2012-07-13"
"VA",50,42,"PPP (D)","2012-07-08"
"VA",46,43,"Garin-Hart-Yang (D-Priorities USA)","2012-07-03"
"VA",43,48,"We Ask America","2012-06-25"
"VA",49,42,"ODU/Virginian-Pilot","2012-06-15"
"VA",49,46,"Purple Strategies","2012-06-05"
"VA",47,42,"Quinnipiac","2012-06-04"
"VA",47,47,"Rasmussen","2012-06-03"
"VA",48,44,"NBC/Marist","2012-05-20"
"VA",51,44,"Washington Post","2012-05-02"
"VA",51,43,"PPP (D)","2012-04-29"
"VA",44,45,"Rasmussen","2012-04-23"
"VA",48,46,"Purple Strategies","2012-04-23"
"VA",40,46,"Roanoke College","2012-04-05"
"VA",51,42,"Rasmussen","2012-03-20"
"VA",50,42,"Quinnipiac","2012-03-18"
"VA",52,35,"NBC/Marist","2012-03-02"
"VA",42,43,"Roanoke College","2012-02-26"
"VA",49,43,"Rasmussen","2012-02-21"
"VA",43,46,"Christopher Newport /Times Dispatch","2012-02-13"
"VA",47,43,"Quinnipiac","2012-02-06"
"VA",45,44,"Mason-Dixon","2012-01-18"
"VA",42,44,"Quinnipiac","2011-12-19"
"VA",48,42,"PPP (D)","2011-12-13"
"VA",47,42,"Quinnipiac","2011-10-09"
"VA",42,46,"Christopher Newport /Times Dispatch","2011-10-08"
"VA",51,40,"PPP (D)","2011-05-08"
"VA",50,44,"Washington Post","2011-05-04"
"VA",48,42,"PPP (D)","2011-02-27"
"VA",48,43,"PPP (D)","2010-11-13"
"WA",53,46,"PPP (D)","2012-11-03"
"WA",54,40,"YouGov","2012-11-03"
"WA",54,40,"SurveyUSA","2012-10-31"
"WA",57,36,"University of Washington/KCTS9","2012-10-31"
"WA",52,39,"Strategies 360 (D)","2012-10-20"
"WA",50,45,"PPP (D-Washington Conservation Voters)","2012-10-16"
"WA",52,43,"University of Washington/KCTS9","2012-10-16"
"WA",55,42,"Rasmussen","2012-10-14"
"WA",54,40,"SurveyUSA","2012-10-14"
"WA",56,39,"YouGov","2012-10-11"
"WA",56,36,"SurveyUSA","2012-09-30"
"WA",52,41,"Rasmussen","2012-09-26"
"WA",56,39,"Gravis Marketing","2012-09-22"
"WA",53,39,"YouGov","2012-09-14"
"WA",53,36,"Elway","2012-09-12"
"WA",54,38,"SurveyUSA","2012-09-09"
"WA",46,36,"Moore Information (R)","2012-08-07"
"WA",54,37,"SurveyUSA","2012-08-02"
"WA",46,37,"SurveyUSA","2012-07-18"
"WA",54,41,"PPP (D)","2012-06-17"
"WA",49,41,"Elway","2012-06-16"
"WA",50,36,"SurveyUSA","2012-05-09"
"WA",53,38,"PPP (D)","2012-02-19"
"WA",50,39,"SurveyUSA","2012-02-15"
"WA",49,38,"Elway","2012-02-09"
"WA",50,39,"SurveyUSA","2012-01-16"
"WA",49,41,"SurveyUSA","2011-11-23"
"WA",50,41,"University of Washington","2011-10-30"
"WV",38,52,"R.L. Repass & Partners","2012-08-25"
"WV",37,54,"R.L. Repass & Partners","2012-04-28"
"WV",33,54,"PPP (D)","2011-10-02"
"WV",37,49,"PPP (D)","2011-09-04"
"WV",37,50,"PPP (D)","2011-01-23"
"WI",51,48,"PPP (D)","2012-11-03"
"WI",53,46,"Angus-Reid","2012-11-03"
"WI",50,46,"YouGov","2012-11-03"
"WI",48,42,"Grove Insight (D-Project New America/USAction)","2012-11-02"
"WI",52,45,"We Ask America","2012-11-01"
"WI",49,47,"Wenzel Strategies (R-Citizens United)","2012-10-31"
"WI",49,48,"Pulse Opinion Research/Let Freedom Ring (R)","2012-10-30"
"WI",51,46,"PPP (D-Health Care for America Now)","2012-10-30"
"WI",49,49,"Rasmussen","2012-10-29"
"WI",49,46,"NBC/WSJ/Marist","2012-10-29"
"WI",52,43,"St Norbert","2012-10-29"
"WI",51,43,"Marquette Law School","2012-10-28"
"WI",49,49,"Rasmussen","2012-10-25"
"WI",48,43,"Grove Insight (D-Project New America)","2012-10-25"
"WI",51,45,"PPP (D-Health Care for America Now)","2012-10-24"
"WI",51,46,"Angus-Reid","2012-10-20"
"WI",50,48,"Rasmussen","2012-10-18"
"WI",47,44,"Grove Insight (D-Project New America)","2012-10-18"
"WI",51,45,"NBC/WSJ/Marist","2012-10-17"
"WI",48,46,"Mason-Dixon","2012-10-17"
"WI",50,47,"Pulse Opinion Research/Let Freedom Ring (R)","2012-10-15"
"WI",49,48,"Marquette Law School","2012-10-14"
"WI",51,47,"YouGov","2012-10-11"
"WI",51,49,"Rasmussen","2012-10-09"
"WI",50,47,"Quinnipiac/NYT/CBS","2012-10-09"
"WI",50,46,"Pulse Opinion Research/Let Freedom Ring (R)","2012-10-08"
"WI",49,47,"PPP (D)","2012-10-06"
"WI",51,44,"Pulse Opinion Research/Let Freedom Ring (R)","2012-10-01"
"WI",49,39,"JZ Analytics","2012-09-30"
"WI",53,42,"Marquette Law School","2012-09-30"
"WI",53,41,"We Ask America","2012-09-23"
"WI",52,45,"PPP (D)","2012-09-19"
"WI",50,45,"NBC/WSJ/Marist","2012-09-18"
"WI",49,46,"Rasmussen","2012-09-17"
"WI",51,45,"Quinnipiac/NYT/CBS","2012-09-17"
"WI",54,40,"Marquette Law School","2012-09-16"
"WI",48,47,"YouGov","2012-09-14"
"WI",49,48,"PPP (D-Democracy for America)","2012-09-13"
"WI",49,47,"Quinnipiac/NYT/CBS","2012-08-21"
"WI",49,46,"Marquette Law School","2012-08-19"
"WI",47,48,"PPP (D)","2012-08-19"
"WI",47,48,"Rasmussen","2012-08-15"
"WI",49,45,"CNN","2012-08-14"
"WI",51,45,"Quinnipiac/NYT/CBS","2012-08-06"
"WI",50,45,"Marquette Law School","2012-08-05"
"WI",49,46,"Rasmussen","2012-07-25"
"WI",49,42,"We Ask America","2012-07-18"
"WI",51,43,"Marquette Law School","2012-07-08"
"WI",50,44,"PPP (D)","2012-07-08"
"WI",49,43,"Marquette Law School","2012-06-16"
"WI",44,47,"Rasmussen","2012-06-12"
"WI",48,43,"We Ask America","2012-06-03"
"WI",51,43,"Marquette Law School","2012-05-26"
"WI",49,43,"St Norbert","2012-05-22"
"WI",46,36,"Reason/Rupe","2012-05-20"
"WI",47,46,"DailyKos/PPP (D)","2012-05-13"
"WI",46,46,"Marquette Law School","2012-05-12"
"WI",49,45,"Rasmussen","2012-05-09"
"WI",51,42,"Marquette Law School","2012-04-29"
"WI",50,44,"DailyKos/PPP (D)","2012-04-15"
"WI",52,41,"Rasmussen","2012-03-27"
"WI",52,35,"NBC/Marist","2012-03-27"
"WI",48,43,"Marquette Law School","2012-03-25"
"WI",47,42,"Rasmussen","2012-02-27"
"WI",53,39,"PPP (D)","2012-02-26"
"WI",53,38,"Marquette Law School","2012-02-19"
"WI",48,40,"Marquette Law School","2012-01-22"
"WI",45,41,"Rasmussen","2011-10-26"
"WI",46,35,"WPRI","2011-10-26"
"WI",46,43,"PPP (D)","2011-10-23"
"WI",51,39,"PPP (D)","2011-05-22"
